{"third_name": {"class_counts": [["henry", 3], ["arthur", 2], ["w", 1], ["pauline", 1], ["augustus", 1], ["johan", 1], ["william", 1], ["frank", 1], ["nellie", 1], ["delia", 1], ["john", 1], ["james", 1], ["mary", 1], ["charles", 1]], "avg_precision": 0.0, "avg_recall": 0.0, "avg_f1": 0.0, "avg_accuracy": 0.0, "weighted_precision": 0.0, "weighted_recall": 0.0, "weighted_f1": 0.0, "weighted_accuracy": 0.0, "class_precision": [0.0, 0.0, 0.0, 0.0, 0.0, 0.0, 0.0, 0.0, 0.0, 0.0, 0.0, 0.0, 0.0, 0.0], "class_recall": [0.0, 0.0, 0.0, 0.0, 0.0, 0.0, 0.0, 0.0, 0.0, 0.0, 0.0, 0.0, 0.0, 0.0], "class_f1": [0.0, 0.0, 0.0, 0.0, 0.0, 0.0, 0.0, 0.0, 0.0, 0.0, 0.0, 0.0, 0.0, 0.0], "class_accuracy": 0.0, "num_classes": 14, "num_applicable_rows": 17, "confusion_matrix": [["henry", [["MISSING", 3]]], ["arthur", [["MISSING", 2]]], ["w", [["MISSING", 1]]], ["pauline", [["MISSING", 1]]], ["augustus", [["MISSING", 1]]], ["johan", [["MISSING", 1]]], ["william", [["MISSING", 1]]], ["frank", [["MISSING", 1]]], ["nellie", [["MISSING", 1]]], ["delia", [["MISSING", 1]]], ["john", [["MISSING", 1]]], ["james", [["MISSING", 1]]], ["mary", [["MISSING", 1]]], ["charles", [["MISSING", 1]]]], "precision_recall_curves": {"henry": {"precision": [0.17647058823529413, 1.0], "recall": [1.0, 0.0], "thresholds": [0.009900989942252636]}, "james": {"precision": [0.058823529411764705, 1.0], "recall": [1.0, 0.0], "thresholds": [0.009900989942252636]}, "william": {"precision": [0.058823529411764705, 1.0], "recall": [1.0, 0.0], "thresholds": [0.009900989942252636]}, "charles": {"precision": [0.058823529411764705, 1.0], "recall": [1.0, 0.0], "thresholds": [0.009900989942252636]}, "delia": {"precision": [0.058823529411764705, 1.0], "recall": [1.0, 0.0], "thresholds": [0.009900989942252636]}, "johan": {"precision": [0.058823529411764705, 1.0], "recall": [1.0, 0.0], "thresholds": [0.009900989942252636]}, "frank": {"precision": [0.058823529411764705, 1.0], "recall": [1.0, 0.0], "thresholds": [0.009900989942252636]}, "arthur": {"precision": [0.11764705882352941, 1.0], "recall": [1.0, 0.0], "thresholds": [0.009900989942252636]}, "augustus": {"precision": [0.058823529411764705, 1.0], "recall": [1.0, 0.0], "thresholds": [0.009900989942252636]}, "john": {"precision": [0.058823529411764705, 1.0], "recall": [1.0, 0.0], "thresholds": [0.009900989942252636]}, "mary": {"precision": [0.058823529411764705, 1.0], "recall": [1.0, 0.0], "thresholds": [0.009900989942252636]}, "w": {"precision": [0.058823529411764705, 1.0], "recall": [1.0, 0.0], "thresholds": [0.009900989942252636]}, "pauline": {"precision": [0.058823529411764705, 1.0], "recall": [1.0, 0.0], "thresholds": [0.009900989942252636]}, "nellie": {"precision": [0.058823529411764705, 1.0], "recall": [1.0, 0.0], "thresholds": [0.009900989942252636]}}}}